vehicle_number,year,vehicle_age,make,model,vehicle_type,mileage,status,maintenance_cost,repair_count,downtime_days,fuel_gallons,fuel_cost,total_operating_cost,cost_per_mile
UNIT-001,2016,10,Chevrolet,Express,Van,134829,Active,1502.67,4,3,1395.87,5323.49,6826.16,0.0506
UNIT-002,2022,4,GMC,Sierra 2500,Pickup,48017,Out of Service,0.0,0,3,1302.52,4622.64,4622.64,0.0963
UNIT-003,2022,4,GMC,Sierra 1500,Pickup,67939,Active,2314.1,3,2,1498.51,4836.78,7150.88,0.1053
UNIT-004,2020,6,Ford,F-550,Truck,75672,Maintenance,881.98,3,5,670.9,2534.66,3416.64,0.0452
UNIT-005,2016,10,Ford,F-250,Pickup,149541,Out of Service,2645.56,3,5,648.5,2162.45,4808.01,0.0322
UNIT-006,2021,5,GMC,Sierra 2500,Pickup,79793,Active,255.93,1,1,1516.34,5895.8,6151.73,0.0771
UNIT-007,2022,4,Chevrolet,Express,Van,69964,Out of Service,1004.37,3,4,811.88,2690.23,3694.6,0.0528
UNIT-008,2025,1,Chevrolet,Express,Van,47207,Out of Service,335.3,1,3,887.43,3408.01,3743.31,0.0793
UNIT-009,2019,7,GMC,Sierra 1500,Pickup,108025,Active,759.21,2,1,1556.31,5324.03,6083.24,0.0563
UNIT-010,2025,1,Ford,F-150,Pickup,51101,Active,667.42,1,3,1655.85,5984.71,6652.13,0.1302
UNIT-011,2018,8,Ford,F-250,Pickup,118865,Active,2916.94,4,6,1672.28,5718.4,8635.34,0.0726
UNIT-012,2024,2,Ram,ProMaster,Van,49659,Active,0.0,0,0,1334.31,4981.86,4981.86,0.1003
UNIT-013,2017,9,GMC,Sierra 2500,Pickup,121742,Out of Service,3492.91,6,9,1625.97,5055.44,8548.35,0.0702
UNIT-014,2026,0,Chevrolet,Express,Van,35595,Out of Service,600.6,2,4,747.7,2319.81,2920.41,0.082
UNIT-015,2024,2,Ford,F-250,Pickup,59893,Active,0.0,0,1,1602.09,5617.14,5617.14,0.0938
UNIT-016,2021,5,Ram,ProMaster,Van,84600,Active,629.29,1,3,574.35,2207.39,2836.68,0.0335
UNIT-017,2016,10,Ford,F-150,Pickup,142362,Maintenance,848.45,3,5,1570.03,6095.46,6943.91,0.0488
UNIT-018,2018,8,Ram,ProMaster,Van,126762,Maintenance,1615.65,4,7,1078.92,3527.46,5143.11,0.0406
UNIT-019,2020,6,Ford,F-150,Pickup,91428,Active,4161.2,5,7,701.26,2299.96,6461.16,0.0707
UNIT-020,2025,1,Ford,Transit,Van,45035,Active,229.85,1,0,836.18,3197.83,3427.68,0.0761
UNIT-021,2024,2,Chevrolet,Express,Van,44360,Maintenance,1108.83,3,3,1454.19,5534.51,6643.34,0.1498
UNIT-022,2019,7,Chevrolet,Silverado 2500,Pickup,119828,Active,1767.63,5,4,1373.73,4647.93,6415.56,0.0535
UNIT-023,2016,10,Chevrolet,Silverado 2500,Pickup,118124,Active,993.54,2,3,1550.74,4942.85,5936.39,0.0503
UNIT-024,2024,2,Ford,F-150,Pickup,48996,Active,1046.56,3,5,862.26,3309.88,4356.44,0.0889
UNIT-025,2017,9,GMC,Sierra 1500,Pickup,122509,Active,2637.22,3,3,757.89,2643.91,5281.13,0.0431
UNIT-026,2016,10,Chevrolet,Silverado 1500,Pickup,124434,Active,2670.25,3,4,1708.15,6368.16,9038.41,0.0726
UNIT-027,2024,2,Chevrolet,Silverado 1500,Pickup,61660,Maintenance,706.36,2,2,1760.89,6274.66,6981.02,0.1132
UNIT-028,2021,5,Ford,Transit,Van,56923,Active,1693.27,3,6,746.79,2889.05,4582.32,0.0805
UNIT-029,2017,9,Ram,ProMaster,Van,105502,Maintenance,1492.65,3,6,857.77,3067.06,4559.71,0.0432
UNIT-030,2022,4,Chevrolet,Express,Van,86664,Active,2567.78,3,3,1387.16,4648.85,7216.63,0.0833
UNIT-031,2018,8,Chevrolet,Silverado 1500,Pickup,115665,Maintenance,2192.1,5,4,561.64,2020.18,4212.28,0.0364
UNIT-032,2017,9,Chevrolet,Express,Van,114331,Active,1257.63,4,5,1651.08,6279.74,7537.37,0.0659
UNIT-033,2018,8,Ford,F-250,Pickup,123958,Active,3189.41,5,8,559.78,2101.24,5290.65,0.0427
UNIT-034,2018,8,Chevrolet,Express,Van,90226,Out of Service,1452.26,2,2,890.44,3191.22,4643.48,0.0515
UNIT-035,2019,7,Ford,F-550,Truck,104661,Active,1972.53,5,4,665.37,2288.11,4260.64,0.0407
UNIT-036,2016,10,Ford,Transit,Van,109639,Active,1336.27,4,6,1239.6,4266.89,5603.16,0.0511
UNIT-037,2017,9,Chevrolet,Express,Van,114632,Active,1576.7,2,5,1240.66,4272.62,5849.32,0.051
UNIT-038,2021,5,Ford,F-250,Pickup,80717,Maintenance,1100.4,3,3,1383.67,4680.88,5781.28,0.0716
UNIT-039,2025,1,Chevrolet,Silverado 1500,Pickup,50824,Out of Service,808.61,1,1,1651.77,5153.24,5961.85,0.1173
UNIT-040,2022,4,Ford,F-550,Truck,80415,Active,997.38,3,2,1028.18,3219.21,4216.59,0.0524
UNIT-041,2019,7,Ford,F-150,Pickup,120147,Active,2155.02,5,5,828.65,3006.36,5161.38,0.043
UNIT-042,2020,6,Ford,F-550,Truck,75990,Active,1974.0,3,5,1399.4,5282.64,7256.64,0.0955
UNIT-043,2017,9,Ford,Transit,Van,102717,Active,1003.29,4,7,1093.2,4026.08,5029.37,0.049
UNIT-044,2025,1,Chevrolet,Silverado 1500,Pickup,42705,Active,2496.5,3,3,868.4,3184.45,5680.95,0.133
UNIT-045,2024,2,GMC,Sierra 1500,Pickup,57734,Active,1032.25,2,3,1328.94,4825.0,5857.25,0.1015
UNIT-046,2024,2,Ford,F-250,Pickup,48824,Out of Service,993.24,2,3,1243.02,4044.13,5037.37,0.1032
UNIT-047,2026,0,Chevrolet,Silverado 1500,Pickup,42514,Maintenance,998.2,2,1,929.84,3038.85,4037.05,0.095
UNIT-048,2026,0,GMC,Sierra 2500,Pickup,28559,Out of Service,1046.92,2,2,1188.97,4440.79,5487.71,0.1922
UNIT-049,2026,0,Ram,ProMaster,Van,20778,Active,288.04,1,1,1390.99,4562.05,4850.09,0.2334
UNIT-050,2016,10,Ram,ProMaster,Van,109564,Maintenance,3188.05,5,4,1119.27,4263.2,7451.25,0.068
UNIT-051,2022,4,Ford,F-150,Pickup,75291,Active,649.22,2,1,1665.82,6310.71,6959.93,0.0924
UNIT-052,2019,7,Chevrolet,Silverado 1500,Pickup,102464,Active,1294.49,5,5,1696.84,5424.94,6719.43,0.0656
UNIT-053,2026,0,Chevrolet,Silverado 2500,Pickup,35404,Maintenance,1732.55,2,4,1315.82,4836.19,6568.74,0.1855
UNIT-054,2024,2,Chevrolet,Silverado 1500,Pickup,49217,Maintenance,1586.39,3,3,1599.83,5314.39,6900.78,0.1402
UNIT-055,2026,0,Chevrolet,Silverado 2500,Pickup,25839,Maintenance,554.6,2,3,843.12,2840.2,3394.8,0.1314
UNIT-056,2018,8,Chevrolet,Express,Van,94094,Maintenance,3467.08,5,5,630.29,2159.42,5626.5,0.0598
UNIT-057,2022,4,Chevrolet,Silverado 2500,Pickup,54816,Maintenance,1463.69,3,6,1732.58,5398.07,6861.76,0.1252
UNIT-058,2023,3,Chevrolet,Silverado 1500,Pickup,47836,Maintenance,1467.19,2,4,1222.78,4509.25,5976.44,0.1249
UNIT-059,2023,3,Ford,F-150,Pickup,52895,Active,1658.43,3,5,970.16,3534.6,5193.03,0.0982
UNIT-060,2023,3,Ram,ProMaster,Van,56307,Out of Service,0.0,0,3,1255.49,3919.24,3919.24,0.0696
UNIT-061,2018,8,Chevrolet,Silverado 1500,Pickup,101032,Active,801.21,2,3,814.58,2738.19,3539.4,0.035
UNIT-062,2022,4,Ford,F-250,Pickup,56946,Active,714.25,3,6,615.11,2375.27,3089.52,0.0543
UNIT-063,2026,0,Chevrolet,Express,Van,19319,Active,0.0,0,0,1326.67,4365.85,4365.85,0.226
UNIT-064,2025,1,Chevrolet,Express,Van,35951,Out of Service,1485.31,2,2,1307.37,5060.81,6546.12,0.1821
UNIT-065,2018,8,Chevrolet,Express,Van,91272,Active,1704.0,2,5,1396.68,5400.32,7104.32,0.0778
UNIT-066,2017,9,Ford,F-150,Pickup,118302,Active,1391.21,2,3,1612.87,5774.61,7165.82,0.0606
UNIT-067,2016,10,GMC,Sierra 2500,Pickup,143017,Active,4029.16,6,5,1182.45,3988.39,8017.55,0.0561
UNIT-068,2017,9,Chevrolet,Silverado 2500,Pickup,121908,Out of Service,4214.6,6,8,770.17,2708.99,6923.59,0.0568
UNIT-069,2025,1,Ford,F-250,Pickup,55891,Active,1616.37,3,6,885.49,3348.37,4964.74,0.0888
UNIT-070,2023,3,Ford,F-250,Pickup,58408,Active,1356.2,3,5,1613.69,5237.19,6593.39,0.1129
UNIT-071,2020,6,Ford,F-550,Truck,84892,Out of Service,1800.48,3,6,1735.08,5497.58,7298.06,0.086
UNIT-072,2023,3,Chevrolet,Silverado 1500,Pickup,63096,Active,2643.94,4,6,1110.22,3457.0,6100.94,0.0967
UNIT-073,2022,4,Ford,F-150,Pickup,76640,Active,2019.52,3,4,1141.58,4023.77,6043.29,0.0789
UNIT-074,2021,5,GMC,Sierra 1500,Pickup,83113,Active,1295.91,3,3,700.82,2280.52,3576.43,0.043
UNIT-075,2018,8,GMC,Sierra 1500,Pickup,94452,Active,2058.19,5,8,1770.76,6232.56,8290.75,0.0878
